时代文件夹,第五轮文件,宽度,高度,SHA256
"01_卷首图版一_克里特港口：货封、船工与修船","背景图/第五轮_背景.png",1536,1024,7a02986e530f5169d9b362023eb8da57f2bbd380409f05d1f83a4c6734541eee
"02_卷首图版二_北海冬夜：称量、船只与修理","背景图/第五轮_背景.png",1536,1024,d60d3ee5a3832a0c8fa72e3a62963523300d1c82abbe56ab7298d05674957d20
"03_卷首图版三_南方水城：水门、长路与工具","背景图/第五轮_背景.png",1536,1024,178d0e72963642430402dfc69e81d63b4d3925cd142fccb0504e37247e584e39
"04_卷首图版四_威尼斯港：木料、船台与急件","背景图/第五轮_背景.png",1536,1024,ecb1317e796b76fd74f8f07379dd1094bac099db3832ad6c891aa2b00a271b8b
"05_图01_公元前六千纪的河岸聚落：夜哨、捕鱼与共同照护","背景图/第五轮_背景.png",1536,1024,1559f97ebe17b83fc05b907803fa45788e9d2883fe8a2843c7c6736dcac849f3
"06_图02_史前窝群：姐妹分工、共同照护与低位居所","背景图/第五轮_背景.png",1536,1024,113be95aac1fdb348f616b02f92ccb19fbe653e0cdf7c31c859f72446495e209
"07_图03_两河城邦的兵籍、泥板登记与专业分工","背景图/第五轮_背景.png",1536,1024,b79a9ac64e777eda269cfdba301df1c1b6981332bde7654b0bc0bb78ecf31094
"08_图04_印度河城市：排水、屋顶通行与多尺度设施","背景图/第五轮_背景.png",1536,1024,c045a23e8985c44fbc8c5e00ac084a742ccf587beb395cf5e3fb4ec212ae37dc
"09_图05_新王国时期的尼罗河神庙粮仓：封印、洪水刻度与王权登记","背景图/第五轮_背景.png",1536,1024,7853cd10b720e375b57f9811fffc12b68d2fbdd8d50d10922c5e22cab172b7b6
"10_图06_古典雅典的柱廊之外：受表彰的勇敢与被拒绝的公民资格","背景图/第五轮_背景.png",1536,1024,ec70249ea7b10892b3bed8b2a3eff3aaf68b33cc49f963d044c43e4ccd7480cc
"11_图07_罗马家内：解放文书与仍未消失的身份等级","背景图/第五轮_背景.png",1536,1024,c5cbab7d02a880fb2305aaf47c609a5b866acbcef7428fab44313ed33fccc0a6
"12_图08_汉代边塞：瞭望、军报与烽燧警讯","背景图/第五轮_背景.png",1536,1024,0e3817881f3acdf26b402edd37c1b390cb9c9e348b1cc263583862bbdbc17a19
"13_图09_中世纪修院：冬季庇护、誓约与服务债务","背景图/第五轮_背景.png",1536,1024,f7e4cea077c5bd42377cfdfe21467f0cec8631265684221c140c4aec62e9f001
"14_图10_萨珊波斯的驿站黄昏：货封、路线判断与长途疲劳","背景图/第五轮_背景.png",1536,1024,2849f107946d1be488615e1816382a3b6ebeb4e0d4a018eeb51198b5559f1d00
"15_图11_阿拔斯时代的商队：夜哨、路线翻译与长途疲劳","背景图/第五轮_背景.png",1536,1024,c8b59c6dc1dfe75807efd20ac4aa90619207e40a52863d7caa3d955af634ab49
"16_图12_马里帝国的跨撒哈拉商路：金衡、警讯与水源","背景图/第五轮_背景.png",1536,1024,b14967055c3994ba7247a812d9d8982b4d63aa60ea57312bf7e889d3e0063570
"17_图13_中世纪行会仓库：夜巡、工资与外来窝群","背景图/第五轮_背景.png",1536,1024,3f2d24683f866766b1a3cec77657cf5403517aea95798381fab117036d2a334b
"18_图14_宋代城市青楼：表演劳动、债务与受限离场","背景图/第五轮_背景.png",1536,1024,66a1e273bf4418c00ab9e82469be691d046818eea9e7b466d82b240ffd466e76
"19_图15_北宋夜市与屋顶交通：包裹、灯火和外勤","背景图/第五轮_背景.png",1536,1024,6b1e4228d1a4a160900b202a0db7730b39b309b135ff3ee9302738c36d449956
"20_图16_蒙古驿路：雪地搜索、呼救与伤员处置","背景图/第五轮_背景.png",1536,1024,f15dc0cfd1d44ccd0a787036f966adafbeb50c4cba03b6aa37f38ab5e2510da4
"21_图17_黑死病时期的城市照护：分区经验、劳作与怀疑","背景图/第五轮_背景.png",1536,1024,3faf5c23730c1cb72f00fb5f3e45cd948369c4d5dd7445b88308f80210561f2e
"22_图18_莫卧儿印度洋港口：海运文书、调度与伤口照护","背景图/第五轮_背景.png",1536,1024,bcd881c834419004ff8e5502e39b32ad51e77202cae48e6874a77c0026e9628b
"23_图19_大航海时代：海图、索具与晕船","背景图/第五轮_背景.png",1536,1024,ac7d6f75f25e4937ef291e16f348e9b3b027858532a563da17c4cd4bd5825817
"24_图20_十六世纪中美洲的初次接触：翻译、质疑与离开殖民者的选择","背景图/第五轮_背景.png",1536,1024,92f26942dc32f5ba15ef721eee92fd441ae3cda46456c47063522005da72b2cd
"25_图21_凡尔赛附近：非束腰礼服、外勤与宫廷观看","背景图/第五轮_背景.png",1536,1024,54d719bdb5e66831bbcbf9c9b00430c46cea527e092ff2c9300c497b623ed640
"26_图22_启蒙时代的巴黎沙龙：独立外勤与被陪同的贵妇","背景图/第五轮_背景.png",1536,1024,ed2821f3e2fb4d481dd2de6a36ccab3b2f119f2a19afa76da607cd4679a5d991
"27_图23_清代城市宅院：外勤差事、门禁与被羡慕的行动空间","背景图/第五轮_背景.png",1536,1024,f234f3944f37402dabfdc212fbd7fa316cd1bb943178afb07896c2adcf754e40
"28_图24_革命时期的市民登记：军功、姓氏与有限资格","背景图/第五轮_背景.png",1536,1024,f63307c4f941749e5fca37fce114bde97dd1510ed140c539a78f41666eedb504
"29_图25_一八四八年的印刷工场：校字、油墨与街头政治","背景图/第五轮_背景.png",1536,1024,b046e31fcc2ef2161c849c679b178e3b139d4e13f3791ede288e68c1f935c17e
"30_图26_工业工厂：机器危险、固定工时与劳工争执","背景图/第五轮_背景.png",1536,1024,783f5308b55d17ef1ad62fe3392df0d77425f30fbf2127b90b422f0397c62090
"31_图27_工业战争的混编阵地：警报、指挥与救护","背景图/第五轮_背景.png",1536,1024,0a010ff1de72c647d5401688fbfcf9555472758a443f9d4fb98c6bfb63f237cc
"32_图28_近代技术学堂：分段教学、实作与共同受益","背景图/第五轮_背景.png",1536,1024,b22c974eee71319e8128c1c4de5334371bc8fba0c0d93f80f7b3ce7a66f06d83
"33_图29_工业铁路城市：站台警报、电报与现场救护","背景图/第五轮_背景.png",1536,1024,83ff8badfa10262f46822d279ac457f8e6f152f7e0369aa8de525e89a063015e
"34_图30_十九世纪都市医院：独立血液链与综合医疗","背景图/第五轮_背景.png",1536,1024,9e2b7d265dc8b87253ebdf4ace24c5335890feb808987473f9f57128d46c1fd4
"35_图31_世纪末百货：适体服装、身体边界与商业模仿","背景图/第五轮_背景.png",1536,1024,9827932b0a75117384025aa568137784c3321aa9662d238e383181f16849b957
"36_图32_明治日本的迟来引入：港口登记、测量与争辩","背景图/第五轮_背景.png",1536,1024,bf37277bf92f5e7b9ec1ab8294ef63be88a8b6daab6450ccb9b7a0a86d25567c
"37_图33_一九〇〇年北京危机：同类识别、国家军职与侵略伦理","背景图/第五轮_背景.png",1536,1024,1d3ccc6d6bad22d37bb7dd7eba2a9cbfa67db33050ed1acb86810dfc9b717f19
"38_图34_一九〇〇年巴黎万国大展会：观看与反观看","背景图/第五轮_背景.png",1536,1024,dee78307fe627ce803c15b8f562c9fc0b331bb5a25bb998c32335199082a1b34
"39_图35_混合家庭的城市住宅：分别登记与多尺度生活","背景图/第五轮_背景.png",1536,1024,44522d888acb4b06a2da7f0b67584ba4a246b5b953f19dc4fbb88b3ae701806c
"40_图36_拜占庭君士坦丁堡港口：货封、呼船与海关怀疑","背景图/第五轮_背景.png",1536,1024,2b99091873c6a67b644dd1c60245a2f211e1e22c086928a5015fc969870d373d
"41_图37_奥斯曼改革时期的港务站：登记、军医与适体制服","背景图/第五轮_背景.png",1536,1024,7ea664627f93bf64a61ca3033f575cbd82d46bf0b6f45a0f7f141d708b171c05
