时代序号,时代目录,补入文件,来源文件,字节数,SHA256
01,01_卷首图版一_克里特港口：货封、船工与修船,01_卷首图版一_克里特港口：货封、船工与修船/背景图/第三轮_背景.png,01_卷首图版一 克里特港口：货封、船工与修船/第三轮_室外大场景/第3轮_背景_01.png,3254067,676c549ab2d55c912d0f2479571ca3401892352d51b86e7e41d75d3a3d061862
01,01_卷首图版一_克里特港口：货封、船工与修船,01_卷首图版一_克里特港口：货封、船工与修船/背景图/第三轮_背景_02.png,01_卷首图版一 克里特港口：货封、船工与修船/第三轮_室外大场景/第3轮_背景_02.png,3029589,4a407cbd8968ec7cc806ae345c3d5df3ea2ddd78496a43084b570bd801783253
01,01_卷首图版一_克里特港口：货封、船工与修船,01_卷首图版一_克里特港口：货封、船工与修船/背景图/第四轮_背景.png,01_卷首图版一 克里特港口：货封、船工与修船/第四轮_大型建筑外观/第4轮_背景_01.png,2730181,babbe16ba21e35efe2e479b942a5349d2816d10f011dd6ac07550a472e88640e
01,01_卷首图版一_克里特港口：货封、船工与修船,01_卷首图版一_克里特港口：货封、船工与修船/背景图/第四轮_背景_02.png,01_卷首图版一 克里特港口：货封、船工与修船/第四轮_大型建筑外观/第4轮_背景_02.png,2898139,9cddb5498e2af77c2272ddff0c0ea736f932bf76203118b1487572d93c6c9e76
02,02_卷首图版二_北海冬夜：称量、船只与修理,02_卷首图版二_北海冬夜：称量、船只与修理/背景图/第三轮_背景.png,02_卷首图版二 北海冬夜：称量、船只与修理/第三轮_室外大场景/第3轮_背景_01.png,2987067,a6edbda19fcb1ce3e9f720ef75f69d315fff498526c6116953218fe0824ef69c
02,02_卷首图版二_北海冬夜：称量、船只与修理,02_卷首图版二_北海冬夜：称量、船只与修理/背景图/第三轮_背景_02.png,02_卷首图版二 北海冬夜：称量、船只与修理/第三轮_室外大场景/第3轮_背景_02.png,3075222,d1348e0a30044c13978aa22e4c0f38d331b0eece64141a59a9672a7ae3f1be1f
02,02_卷首图版二_北海冬夜：称量、船只与修理,02_卷首图版二_北海冬夜：称量、船只与修理/背景图/第四轮_背景.png,02_卷首图版二 北海冬夜：称量、船只与修理/第四轮_大型建筑外观/第4轮_背景_01.png,2594153,5bb375e0c0aca75ab7c7216e40215984e74ca18f92351e0b0332681ae65cb4eb
02,02_卷首图版二_北海冬夜：称量、船只与修理,02_卷首图版二_北海冬夜：称量、船只与修理/背景图/第四轮_背景_02.png,02_卷首图版二 北海冬夜：称量、船只与修理/第四轮_大型建筑外观/第4轮_背景_02.png,2478912,d0779b66c9233b6157b8802ff6d8fafed227b6c6cffbaaff32b4028cb7bf9630
03,03_卷首图版三_南方水城：水门、长路与工具,03_卷首图版三_南方水城：水门、长路与工具/背景图/第三轮_背景.png,03_卷首图版三 南方水城：水门、长路与工具/第三轮_室外大场景/第3轮_背景_01.png,3201802,601bfd11c58ff7b7bb166b0bbb3f9b8afeab704e9fccdef923515a32b195e2d7
03,03_卷首图版三_南方水城：水门、长路与工具,03_卷首图版三_南方水城：水门、长路与工具/背景图/第三轮_背景_02.png,03_卷首图版三 南方水城：水门、长路与工具/第三轮_室外大场景/第3轮_背景_02.png,3257526,0a33647233b622f4f899994ec9ec06599b634bc2017ea4b60396f7ff6c8f1b97
03,03_卷首图版三_南方水城：水门、长路与工具,03_卷首图版三_南方水城：水门、长路与工具/背景图/第四轮_背景.png,03_卷首图版三 南方水城：水门、长路与工具/第四轮_大型建筑外观/第4轮_背景_01.png,2578093,6853a8c788a0c1197eedf1549557d8f028f7ddb1d547b82a397eb73b7c00acb7
03,03_卷首图版三_南方水城：水门、长路与工具,03_卷首图版三_南方水城：水门、长路与工具/背景图/第四轮_背景_02.png,03_卷首图版三 南方水城：水门、长路与工具/第四轮_大型建筑外观/第4轮_背景_02.png,2829703,54f18e2081bde338685c6a00d54251910cd8cf696076a195ee279734305aedd2
04,04_卷首图版四_威尼斯港：木料、船台与急件,04_卷首图版四_威尼斯港：木料、船台与急件/背景图/第三轮_背景.png,04_卷首图版四 威尼斯港：木料、船台与急件/第三轮_室外大场景/第3轮_背景_01.png,3156951,fe84d13c6c3755821de2d5e427aca7db2dd289cc36a38f3866da9f2da0fcb6f8
04,04_卷首图版四_威尼斯港：木料、船台与急件,04_卷首图版四_威尼斯港：木料、船台与急件/背景图/第三轮_背景_02.png,04_卷首图版四 威尼斯港：木料、船台与急件/第三轮_室外大场景/第3轮_背景_02.png,3017877,8d91a2c4043e94a43783eaf74344a14fa05651cc5f2a9751ca4fc2840aa2bc52
04,04_卷首图版四_威尼斯港：木料、船台与急件,04_卷首图版四_威尼斯港：木料、船台与急件/背景图/第四轮_背景.png,04_卷首图版四 威尼斯港：木料、船台与急件/第四轮_大型建筑外观/第4轮_背景_01.png,2886348,f4b9d77ab7d420d84afd7d06b960f8d4f25b5846e1f49c9040619a35c2136ae3
04,04_卷首图版四_威尼斯港：木料、船台与急件,04_卷首图版四_威尼斯港：木料、船台与急件/背景图/第四轮_背景_02.png,04_卷首图版四 威尼斯港：木料、船台与急件/第四轮_大型建筑外观/第4轮_背景_02.png,2814430,1ee8c1ba161f43a79698b8cd8c3514aed03d135df601b750a6d41b57b01fb458
05,05_图01_公元前六千纪的河岸聚落：夜哨、捕鱼与共同照护,05_图01_公元前六千纪的河岸聚落：夜哨、捕鱼与共同照护/背景图/第三轮_背景.png,05_图01_公元前六千纪的河岸聚落：夜哨、捕鱼与共同照护/第三轮_室外大场景/第3轮_背景_01.png,2972525,c360c877bf2fc8f8c97bb0f803aaf313a53bad9ede7072a4c58d4758de91914e
05,05_图01_公元前六千纪的河岸聚落：夜哨、捕鱼与共同照护,05_图01_公元前六千纪的河岸聚落：夜哨、捕鱼与共同照护/背景图/第三轮_背景_02.png,05_图01_公元前六千纪的河岸聚落：夜哨、捕鱼与共同照护/第三轮_室外大场景/第3轮_背景_02.png,2981997,2504c48142f77eb85a9b7b9847847677baed78db8b92295abe7e9c30d0f7e192
05,05_图01_公元前六千纪的河岸聚落：夜哨、捕鱼与共同照护,05_图01_公元前六千纪的河岸聚落：夜哨、捕鱼与共同照护/背景图/第四轮_背景.png,05_图01_公元前六千纪的河岸聚落：夜哨、捕鱼与共同照护/第四轮_大型建筑外观/第4轮_背景_01.png,3209069,e199818b34b5db7661918a5944c8302d875b6306ff74240943eaba4be557e38f
05,05_图01_公元前六千纪的河岸聚落：夜哨、捕鱼与共同照护,05_图01_公元前六千纪的河岸聚落：夜哨、捕鱼与共同照护/背景图/第四轮_背景_02.png,05_图01_公元前六千纪的河岸聚落：夜哨、捕鱼与共同照护/第四轮_大型建筑外观/第4轮_背景_02.png,2976414,18ddf0e5d6e97648eb19cdaeb4321fb0fcc084f1638fd644b5379c731b390d43
06,06_图02_史前窝群：姐妹分工、共同照护与低位居所,06_图02_史前窝群：姐妹分工、共同照护与低位居所/背景图/第三轮_背景.png,06_图02_史前窝群：姐妹分工、共同照护与低位居所/第三轮_室外大场景/第3轮_背景_01.png,2877439,bcaa85841929ebd8d9bd7fa3e4250bd7e1c2a977e421f2f27ad9e13a2a7c7828
06,06_图02_史前窝群：姐妹分工、共同照护与低位居所,06_图02_史前窝群：姐妹分工、共同照护与低位居所/背景图/第四轮_背景.png,06_图02_史前窝群：姐妹分工、共同照护与低位居所/第四轮_大型建筑外观/第4轮_背景_01.png,3349898,51a48e57628396b35710c1f93551d698311f4d5bdbf6d3f1f981feaf7e30b570
06,06_图02_史前窝群：姐妹分工、共同照护与低位居所,06_图02_史前窝群：姐妹分工、共同照护与低位居所/背景图/第四轮_背景_02.png,06_图02_史前窝群：姐妹分工、共同照护与低位居所/第四轮_大型建筑外观/第4轮_背景_02.png,2749104,5ca86b3658a35b30f5d954e1dee55ef2887bcd507471357078666c5e90dd3437
07,07_图03_两河城邦的兵籍、泥板登记与专业分工,07_图03_两河城邦的兵籍、泥板登记与专业分工/背景图/第三轮_背景.png,07_图03_两河城邦的兵籍、泥板登记与专业分工/第三轮_室外大场景/第3轮_背景_01.png,3080037,508e260594fb1a1098b9603ae886690ba35545c1749d5fd4cbc78d20d6be3bee
07,07_图03_两河城邦的兵籍、泥板登记与专业分工,07_图03_两河城邦的兵籍、泥板登记与专业分工/背景图/第四轮_背景.png,07_图03_两河城邦的兵籍、泥板登记与专业分工/第四轮_大型建筑外观/第4轮_背景_01.png,2778154,ff88a208da809c9faa5b7b1f1ddffaddae5b5530cb6bd9b875ffb0026f20d541
07,07_图03_两河城邦的兵籍、泥板登记与专业分工,07_图03_两河城邦的兵籍、泥板登记与专业分工/背景图/第四轮_背景_02.png,07_图03_两河城邦的兵籍、泥板登记与专业分工/第四轮_大型建筑外观/第4轮_背景_02.png,3253053,158f427c0abc97a76aac2d1e2a503922210c33e8628a4498583bcc56e65451bb
08,08_图04_印度河城市：排水、屋顶通行与多尺度设施,08_图04_印度河城市：排水、屋顶通行与多尺度设施/背景图/第三轮_背景.png,08_图04_印度河城市：排水、屋顶通行与多尺度设施/第三轮_室外大场景/第3轮_背景_01.png,2916764,8dda9056b0f6a1357948f89aa20d8149c624212ee7ee6f071adeb911d2958088
08,08_图04_印度河城市：排水、屋顶通行与多尺度设施,08_图04_印度河城市：排水、屋顶通行与多尺度设施/背景图/第四轮_背景.png,08_图04_印度河城市：排水、屋顶通行与多尺度设施/第四轮_大型建筑外观/第4轮_背景_01.png,2790046,03ffe55d6ce2ff869810a97205fcb396eaa5972a047a0451e1042fa8c0408178
08,08_图04_印度河城市：排水、屋顶通行与多尺度设施,08_图04_印度河城市：排水、屋顶通行与多尺度设施/背景图/第四轮_背景_02.png,08_图04_印度河城市：排水、屋顶通行与多尺度设施/第四轮_大型建筑外观/第4轮_背景_02.png,3002726,da56c36c46e769cd076ffd860e9f24e5ab5d5ee0e63b4107778268d70e1b56ee
09,09_图05_新王国时期的尼罗河神庙粮仓：封印、洪水刻度与王权登记,09_图05_新王国时期的尼罗河神庙粮仓：封印、洪水刻度与王权登记/背景图/第三轮_背景.png,09_图05_新王国时期的尼罗河神庙粮仓：封印、洪水刻度与王权登记/第三轮_室外大场景/第3轮_背景_01.png,2740031,f6be10b5ea70424ccaf65408c7eee7a4fd327fb28bc53e61a4af4a99883ed75f
09,09_图05_新王国时期的尼罗河神庙粮仓：封印、洪水刻度与王权登记,09_图05_新王国时期的尼罗河神庙粮仓：封印、洪水刻度与王权登记/背景图/第四轮_背景.png,09_图05_新王国时期的尼罗河神庙粮仓：封印、洪水刻度与王权登记/第四轮_大型建筑外观/第4轮_背景_01.png,2974804,ff93bc0c771a0da4275937395fc0620a5a2e6d97b7ebd6dcedce849134cd5abb
09,09_图05_新王国时期的尼罗河神庙粮仓：封印、洪水刻度与王权登记,09_图05_新王国时期的尼罗河神庙粮仓：封印、洪水刻度与王权登记/背景图/第四轮_背景_02.png,09_图05_新王国时期的尼罗河神庙粮仓：封印、洪水刻度与王权登记/第四轮_大型建筑外观/第4轮_背景_02.png,2891501,fc2052ecfe55bbcabaf2b0e278833d7b4312c1488fc099c17eae15f5b9f203e5
10,10_图06_古典雅典的柱廊之外：受表彰的勇敢与被拒绝的公民资格,10_图06_古典雅典的柱廊之外：受表彰的勇敢与被拒绝的公民资格/背景图/第三轮_背景.png,10_图06_古典雅典的柱廊之外：受表彰的勇敢与被拒绝的公民资格/第三轮_室外大场景/第3轮_背景_01.png,3221538,3956fe305162d0c08859df93aad8d9f0a5e5f6e931e673bb467edc8b8016d61b
10,10_图06_古典雅典的柱廊之外：受表彰的勇敢与被拒绝的公民资格,10_图06_古典雅典的柱廊之外：受表彰的勇敢与被拒绝的公民资格/背景图/第四轮_背景.png,10_图06_古典雅典的柱廊之外：受表彰的勇敢与被拒绝的公民资格/第四轮_大型建筑外观/第4轮_背景_01.png,2546572,60d70e05f20eb8584801a2da4680d0df8fdc3f7a51d14c05f64192b49d4af107
10,10_图06_古典雅典的柱廊之外：受表彰的勇敢与被拒绝的公民资格,10_图06_古典雅典的柱廊之外：受表彰的勇敢与被拒绝的公民资格/背景图/第四轮_背景_02.png,10_图06_古典雅典的柱廊之外：受表彰的勇敢与被拒绝的公民资格/第四轮_大型建筑外观/第4轮_背景_02.png,2968106,2575914bb8ef74ecbcac72e26bde206637c5c4f6bb142ea76ef146e095c782b0
11,11_图07_罗马家内：解放文书与仍未消失的身份等级,11_图07_罗马家内：解放文书与仍未消失的身份等级/背景图/第三轮_背景.png,11_图07_罗马家内：解放文书与仍未消失的身份等级/第三轮_室外大场景/第3轮_背景_01.png,3314636,a19b41c67dcabe52607d809f6ce49797f3407591667807abf4c6c3aeb0c3594a
11,11_图07_罗马家内：解放文书与仍未消失的身份等级,11_图07_罗马家内：解放文书与仍未消失的身份等级/背景图/第四轮_背景.png,11_图07_罗马家内：解放文书与仍未消失的身份等级/第四轮_大型建筑外观/第4轮_背景_01.png,2699254,7cbab132cf16e9d6f800f49ae85995b94e047c6d7b48f19a4ca0b4a18dfd2edc
11,11_图07_罗马家内：解放文书与仍未消失的身份等级,11_图07_罗马家内：解放文书与仍未消失的身份等级/背景图/第四轮_背景_02.png,11_图07_罗马家内：解放文书与仍未消失的身份等级/第四轮_大型建筑外观/第4轮_背景_02.png,2808036,2e594d82b906448be49df1dcc26264c81687b5e1f49a7537011bf06eddea69af
12,12_图08_汉代边塞：瞭望、军报与烽燧警讯,12_图08_汉代边塞：瞭望、军报与烽燧警讯/背景图/第三轮_背景.png,12_图08_汉代边塞：瞭望、军报与烽燧警讯/第三轮_室外大场景/第3轮_背景_01.png,2734688,d8c4ac38c1dd469951b6e8783f63bbbebc45fb6685959065c61d2586b7e49939
12,12_图08_汉代边塞：瞭望、军报与烽燧警讯,12_图08_汉代边塞：瞭望、军报与烽燧警讯/背景图/第四轮_背景.png,12_图08_汉代边塞：瞭望、军报与烽燧警讯/第四轮_大型建筑外观/第4轮_背景_01.png,2872926,98c60764768819f6d6bb6e36acb7adf0a9a94601a97bf5a6a8a1c6a226c33c35
12,12_图08_汉代边塞：瞭望、军报与烽燧警讯,12_图08_汉代边塞：瞭望、军报与烽燧警讯/背景图/第四轮_背景_02.png,12_图08_汉代边塞：瞭望、军报与烽燧警讯/第四轮_大型建筑外观/第4轮_背景_02.png,2652903,0fa3fcb18bab5fd19e1a198405597e85e73fe9c730f29d796c3282fe336dbae8
13,13_图09_中世纪修院：冬季庇护、誓约与服务债务,13_图09_中世纪修院：冬季庇护、誓约与服务债务/背景图/第三轮_背景.png,13_图09_中世纪修院：冬季庇护、誓约与服务债务/第三轮_室外大场景/第3轮_背景_01.png,3035393,4cb1b68f48b1c2469b7a109926a0cf0ddf54fa7b488b42cea2a41d7da61a9151
13,13_图09_中世纪修院：冬季庇护、誓约与服务债务,13_图09_中世纪修院：冬季庇护、誓约与服务债务/背景图/第四轮_背景.png,13_图09_中世纪修院：冬季庇护、誓约与服务债务/第四轮_大型建筑外观/第4轮_背景_01.png,2414803,2f485184988740f27cf4d98f86714d525e1c8ac28cb289e7b112596d2db59fef
13,13_图09_中世纪修院：冬季庇护、誓约与服务债务,13_图09_中世纪修院：冬季庇护、誓约与服务债务/背景图/第四轮_背景_02.png,13_图09_中世纪修院：冬季庇护、誓约与服务债务/第四轮_大型建筑外观/第4轮_背景_02.png,2911452,ebdb999d2452efee6d4f1df837b9174b214ee76c13d381c1582432d3fd03e49a
14,14_图10_萨珊波斯的驿站黄昏：货封、路线判断与长途疲劳,14_图10_萨珊波斯的驿站黄昏：货封、路线判断与长途疲劳/背景图/第三轮_背景.png,14_图10_萨珊波斯的驿站黄昏：货封、路线判断与长途疲劳/第三轮_室外大场景/第3轮_背景_01.png,2897548,624438a61f24d53d20008dc9d889b905530e2bde88067463fe941c1287f6a8e3
14,14_图10_萨珊波斯的驿站黄昏：货封、路线判断与长途疲劳,14_图10_萨珊波斯的驿站黄昏：货封、路线判断与长途疲劳/背景图/第四轮_背景.png,14_图10_萨珊波斯的驿站黄昏：货封、路线判断与长途疲劳/第四轮_大型建筑外观/第4轮_背景_01.png,2837158,e9afccc2015823b49229ac41bd31c9c532cbd5fc167829bc89b5b606cb70265b
14,14_图10_萨珊波斯的驿站黄昏：货封、路线判断与长途疲劳,14_图10_萨珊波斯的驿站黄昏：货封、路线判断与长途疲劳/背景图/第四轮_背景_02.png,14_图10_萨珊波斯的驿站黄昏：货封、路线判断与长途疲劳/第四轮_大型建筑外观/第4轮_背景_02.png,2817303,cfb8bfc137609268c7c86a01a9bb31570e0c7b70828b9e6b87e44fbc81f08ee2
15,15_图11_阿拔斯时代的商队：夜哨、路线翻译与长途疲劳,15_图11_阿拔斯时代的商队：夜哨、路线翻译与长途疲劳/背景图/第三轮_背景.png,15_图11_阿拔斯时代的商队：夜哨、路线翻译与长途疲劳/第三轮_室外大场景/第3轮_背景_01.png,2557406,5e3882e73c5577c167d85fc7f91842bc71dc9e9e2fdab55ba54605758ee51636
15,15_图11_阿拔斯时代的商队：夜哨、路线翻译与长途疲劳,15_图11_阿拔斯时代的商队：夜哨、路线翻译与长途疲劳/背景图/第四轮_背景.png,15_图11_阿拔斯时代的商队：夜哨、路线翻译与长途疲劳/第四轮_大型建筑外观/第4轮_背景_01.png,3190669,a0263092ed77629bea624c88f0d14e8a1c7c55c49da7a5ca71bda7dc97b8fece
15,15_图11_阿拔斯时代的商队：夜哨、路线翻译与长途疲劳,15_图11_阿拔斯时代的商队：夜哨、路线翻译与长途疲劳/背景图/第四轮_背景_02.png,15_图11_阿拔斯时代的商队：夜哨、路线翻译与长途疲劳/第四轮_大型建筑外观/第4轮_背景_02.png,2969490,ad0f31e83b801fa67c1c903361164d4b93fd4fec81f4c8f9946bfec285654c72
16,16_图12_马里帝国的跨撒哈拉商路：金衡、警讯与水源,16_图12_马里帝国的跨撒哈拉商路：金衡、警讯与水源/背景图/第三轮_背景.png,16_图12_马里帝国的跨撒哈拉商路：金衡、警讯与水源/第三轮_室外大场景/第3轮_背景_01.png,3023796,604801cf55026e31dfd50f4cb89358c2259e8476ff218fb5445f714ad7bdbad3
16,16_图12_马里帝国的跨撒哈拉商路：金衡、警讯与水源,16_图12_马里帝国的跨撒哈拉商路：金衡、警讯与水源/背景图/第四轮_背景.png,16_图12_马里帝国的跨撒哈拉商路：金衡、警讯与水源/第四轮_大型建筑外观/第4轮_背景_01.png,2691822,971028610b75bcdcc68989dbf42d640a30bac27e23b0e610a7127939afd037bc
16,16_图12_马里帝国的跨撒哈拉商路：金衡、警讯与水源,16_图12_马里帝国的跨撒哈拉商路：金衡、警讯与水源/背景图/第四轮_背景_02.png,16_图12_马里帝国的跨撒哈拉商路：金衡、警讯与水源/第四轮_大型建筑外观/第4轮_背景_02.png,2783820,28a435f1859ea2b6ba4e6b32a57898f2b0438a2a73fe7926d66348998fedc7a6
17,17_图13_中世纪行会仓库：夜巡、工资与外来窝群,17_图13_中世纪行会仓库：夜巡、工资与外来窝群/背景图/第三轮_背景.png,17_图13_中世纪行会仓库：夜巡、工资与外来窝群/第三轮_室外大场景/第3轮_背景_01.png,2820435,cb44b59bfcdb513d5cda0e387ca5096f5aea02a561decb2a229aa3ac8733af05
17,17_图13_中世纪行会仓库：夜巡、工资与外来窝群,17_图13_中世纪行会仓库：夜巡、工资与外来窝群/背景图/第四轮_背景.png,17_图13_中世纪行会仓库：夜巡、工资与外来窝群/第四轮_大型建筑外观/第4轮_背景_01.png,2913205,a4aaebc72a11c95492c3262c2ef1f2447082aef5ff1ac57f8d6f3854a658f7e9
17,17_图13_中世纪行会仓库：夜巡、工资与外来窝群,17_图13_中世纪行会仓库：夜巡、工资与外来窝群/背景图/第四轮_背景_02.png,17_图13_中世纪行会仓库：夜巡、工资与外来窝群/第四轮_大型建筑外观/第4轮_背景_02.png,2732051,213e23fa4b8bc3fb18286be4a60e428e1fc869651d33116ffc32c3b77268f731
18,18_图14_宋代城市青楼：表演劳动、债务与受限离场,18_图14_宋代城市青楼：表演劳动、债务与受限离场/背景图/第三轮_背景.png,18_图14_宋代城市青楼：表演劳动、债务与受限离场/第三轮_室外大场景/第3轮_背景_01.png,2864999,7f406435c5d7cf29685bc11a4df2b723a2e91474e12e4858bcdfa664fd74fa81
18,18_图14_宋代城市青楼：表演劳动、债务与受限离场,18_图14_宋代城市青楼：表演劳动、债务与受限离场/背景图/第四轮_背景.png,18_图14_宋代城市青楼：表演劳动、债务与受限离场/第四轮_大型建筑外观/第4轮_背景_01.png,2883314,44ee5f6193be2a04c7b07461e2204ddb8de6888f0a3bd8c521128988ef6549fc
18,18_图14_宋代城市青楼：表演劳动、债务与受限离场,18_图14_宋代城市青楼：表演劳动、债务与受限离场/背景图/第四轮_背景_02.png,18_图14_宋代城市青楼：表演劳动、债务与受限离场/第四轮_大型建筑外观/第4轮_背景_02.png,2604890,a3df189021d210a7711f34b1309033a3b2a353a31c243ca09b228c8854d8f664
19,19_图15_北宋夜市与屋顶交通：包裹、灯火和外勤,19_图15_北宋夜市与屋顶交通：包裹、灯火和外勤/背景图/第三轮_背景.png,19_图15_北宋夜市与屋顶交通：包裹、灯火和外勤/第三轮_室外大场景/第3轮_背景_01.png,3118571,7de6a253d74126f3843233d61e4d81f0e7c12b7e95c3e50a3ae1652cc84b0717
19,19_图15_北宋夜市与屋顶交通：包裹、灯火和外勤,19_图15_北宋夜市与屋顶交通：包裹、灯火和外勤/背景图/第四轮_背景.png,19_图15_北宋夜市与屋顶交通：包裹、灯火和外勤/第四轮_大型建筑外观/第4轮_背景_01.png,2944069,eea50bef113c3508a2ee38f62de6517894de2083fe60fe5e452b12667380ccf5
19,19_图15_北宋夜市与屋顶交通：包裹、灯火和外勤,19_图15_北宋夜市与屋顶交通：包裹、灯火和外勤/背景图/第四轮_背景_02.png,19_图15_北宋夜市与屋顶交通：包裹、灯火和外勤/第四轮_大型建筑外观/第4轮_背景_02.png,3077030,cf108664326e1cd5db4585d4420f74f89b95dc1926700b464c0af19d2ec28740
20,20_图16_蒙古驿路：雪地搜索、呼救与伤员处置,20_图16_蒙古驿路：雪地搜索、呼救与伤员处置/背景图/第三轮_背景.png,20_图16_蒙古驿路：雪地搜索、呼救与伤员处置/第三轮_室外大场景/第3轮_背景_01.png,3105710,51156b96b931bafa70c8e4a0c9695db04e09b554590d5c8a245c641f13c9b38c
20,20_图16_蒙古驿路：雪地搜索、呼救与伤员处置,20_图16_蒙古驿路：雪地搜索、呼救与伤员处置/背景图/第四轮_背景.png,20_图16_蒙古驿路：雪地搜索、呼救与伤员处置/第四轮_大型建筑外观/第4轮_背景_01.png,3132617,8495ec08e7b53bc291dc6b58d81bfa3d35cdac72e40a84a2839ec1993cc62c67
20,20_图16_蒙古驿路：雪地搜索、呼救与伤员处置,20_图16_蒙古驿路：雪地搜索、呼救与伤员处置/背景图/第四轮_背景_02.png,20_图16_蒙古驿路：雪地搜索、呼救与伤员处置/第四轮_大型建筑外观/第4轮_背景_02.png,2584198,c555653b08899d58c232ee45a6314f5da2f60a26a285906abd9d40856bb4027c
21,21_图17_黑死病时期的城市照护：分区经验、劳作与怀疑,21_图17_黑死病时期的城市照护：分区经验、劳作与怀疑/背景图/第三轮_背景.png,21_图17_黑死病时期的城市照护：分区经验、劳作与怀疑/第三轮_室外大场景/第3轮_背景_01.png,2772392,aa65be26a5e98ff7b6009b039f3f23a84a77b3d9f5816be6f1fb30caee1aa9ef
21,21_图17_黑死病时期的城市照护：分区经验、劳作与怀疑,21_图17_黑死病时期的城市照护：分区经验、劳作与怀疑/背景图/第四轮_背景.png,21_图17_黑死病时期的城市照护：分区经验、劳作与怀疑/第四轮_大型建筑外观/第4轮_背景_01.png,2783695,671150da24fdbf75833d1c8b01ebc5490fcdcdfe29824b2a0a644becfaf280d6
21,21_图17_黑死病时期的城市照护：分区经验、劳作与怀疑,21_图17_黑死病时期的城市照护：分区经验、劳作与怀疑/背景图/第四轮_背景_02.png,21_图17_黑死病时期的城市照护：分区经验、劳作与怀疑/第四轮_大型建筑外观/第4轮_背景_02.png,2624070,6cc257cbc9c1f46a95ecd32f8e42d50c8dbacade5fcd86a847257477b29630f7
22,22_图18_莫卧儿印度洋港口：海运文书、调度与伤口照护,22_图18_莫卧儿印度洋港口：海运文书、调度与伤口照护/背景图/第三轮_背景.png,22_图18_莫卧儿印度洋港口：海运文书、调度与伤口照护/第三轮_室外大场景/第3轮_背景_01.png,3147274,1c0e9e3bab824b5472b9afb3632168423e90ea1562637edb8a5186f8d2bfca8c
22,22_图18_莫卧儿印度洋港口：海运文书、调度与伤口照护,22_图18_莫卧儿印度洋港口：海运文书、调度与伤口照护/背景图/第四轮_背景.png,22_图18_莫卧儿印度洋港口：海运文书、调度与伤口照护/第四轮_大型建筑外观/第4轮_背景_01.png,2857964,cd0d50a5e333063d7638c048c8fb972b838e8a2adeeb877d3f5d8c839de4f7f5
22,22_图18_莫卧儿印度洋港口：海运文书、调度与伤口照护,22_图18_莫卧儿印度洋港口：海运文书、调度与伤口照护/背景图/第四轮_背景_02.png,22_图18_莫卧儿印度洋港口：海运文书、调度与伤口照护/第四轮_大型建筑外观/第4轮_背景_02.png,2438271,1703215eae634b4e7ee038e4d1d68dc9b81c034d9f6ad866c0ac40d1bcb49219
23,23_图19_大航海时代：海图、索具与晕船,23_图19_大航海时代：海图、索具与晕船/背景图/第三轮_背景.png,23_图19_大航海时代：海图、索具与晕船/第三轮_室外大场景/第3轮_背景_01.png,2965875,c950a78214518a3acd1d68d40c0dee12fba0c488af38f5611729cf360a3ebbc2
23,23_图19_大航海时代：海图、索具与晕船,23_图19_大航海时代：海图、索具与晕船/背景图/第四轮_背景.png,23_图19_大航海时代：海图、索具与晕船/第四轮_大型建筑外观/第4轮_背景_01.png,2566637,9a70fbcee443a17f6b4b37969d3dc7ab64c3116d78a95e48968d0e0b7dbc9ab7
23,23_图19_大航海时代：海图、索具与晕船,23_图19_大航海时代：海图、索具与晕船/背景图/第四轮_背景_02.png,23_图19_大航海时代：海图、索具与晕船/第四轮_大型建筑外观/第4轮_背景_02.png,2446409,a5dc776734ff62e697b82315e0c195b7d2ffe12629ce3a91c16de3bcd0f211a2
24,24_图20_十六世纪中美洲的初次接触：翻译、质疑与离开殖民者的选择,24_图20_十六世纪中美洲的初次接触：翻译、质疑与离开殖民者的选择/背景图/第三轮_背景.png,24_图20_十六世纪中美洲的初次接触：翻译、质疑与离开殖民者的选择/第三轮_室外大场景/第3轮_背景_01.png,3221718,9b52ef1e34625ecb5fea3bb7eecfc08cde3c6ace0cfd2fde0bab8119bca8e6cb
24,24_图20_十六世纪中美洲的初次接触：翻译、质疑与离开殖民者的选择,24_图20_十六世纪中美洲的初次接触：翻译、质疑与离开殖民者的选择/背景图/第四轮_背景.png,24_图20_十六世纪中美洲的初次接触：翻译、质疑与离开殖民者的选择/第四轮_大型建筑外观/第4轮_背景_01.png,3025580,6585ef3a691c73daf992985db1709c5dae172c1223a320ec0f52f16401e4d2f8
24,24_图20_十六世纪中美洲的初次接触：翻译、质疑与离开殖民者的选择,24_图20_十六世纪中美洲的初次接触：翻译、质疑与离开殖民者的选择/背景图/第四轮_背景_02.png,24_图20_十六世纪中美洲的初次接触：翻译、质疑与离开殖民者的选择/第四轮_大型建筑外观/第4轮_背景_02.png,2705508,fe2b35c82d87e28fc99fdfd18e0b6db83fe04db8dcd350c743d6c0794c6a8ade
25,25_图21_凡尔赛附近：非束腰礼服、外勤与宫廷观看,25_图21_凡尔赛附近：非束腰礼服、外勤与宫廷观看/背景图/第三轮_背景.png,25_图21_凡尔赛附近：非束腰礼服、外勤与宫廷观看/第三轮_室外大场景/第3轮_背景_01.png,2988832,3619de24ec279b8e23a0d423d823b74a40c7152b20c8727442282a1c9d8eaaa5
25,25_图21_凡尔赛附近：非束腰礼服、外勤与宫廷观看,25_图21_凡尔赛附近：非束腰礼服、外勤与宫廷观看/背景图/第四轮_背景.png,25_图21_凡尔赛附近：非束腰礼服、外勤与宫廷观看/第四轮_大型建筑外观/第4轮_背景_01.png,2702529,9c7faf4be07250d60378710834869a8e00d859aa1293614c7badcc1ca57d078a
25,25_图21_凡尔赛附近：非束腰礼服、外勤与宫廷观看,25_图21_凡尔赛附近：非束腰礼服、外勤与宫廷观看/背景图/第四轮_背景_02.png,25_图21_凡尔赛附近：非束腰礼服、外勤与宫廷观看/第四轮_大型建筑外观/第4轮_背景_02.png,2681015,3bc168879be67967815f0b60e686b18e7577fdd8ca8a7b05ed6cfce7b2761914
26,26_图22_启蒙时代的巴黎沙龙：独立外勤与被陪同的贵妇,26_图22_启蒙时代的巴黎沙龙：独立外勤与被陪同的贵妇/背景图/第三轮_背景.png,26_图22_启蒙时代的巴黎沙龙：独立外勤与被陪同的贵妇/第三轮_室外大场景/第3轮_背景_01.png,2801990,d62d52a8c8e4ef493a90fa64306e771cbf27138c9a6254366bc21eb32800e62a
26,26_图22_启蒙时代的巴黎沙龙：独立外勤与被陪同的贵妇,26_图22_启蒙时代的巴黎沙龙：独立外勤与被陪同的贵妇/背景图/第四轮_背景.png,26_图22_启蒙时代的巴黎沙龙：独立外勤与被陪同的贵妇/第四轮_大型建筑外观/第4轮_背景_01.png,2767497,0465006006fe86eeb87ca3ec2015bbe8668cb835b12c4dbca5c72aea5c390b32
26,26_图22_启蒙时代的巴黎沙龙：独立外勤与被陪同的贵妇,26_图22_启蒙时代的巴黎沙龙：独立外勤与被陪同的贵妇/背景图/第四轮_背景_02.png,26_图22_启蒙时代的巴黎沙龙：独立外勤与被陪同的贵妇/第四轮_大型建筑外观/第4轮_背景_02.png,3297537,50fa4390884d772f786a10dbb87434148779d492ae6a22d2bc9f518d39a70b3b
27,27_图23_清代城市宅院：外勤差事、门禁与被羡慕的行动空间,27_图23_清代城市宅院：外勤差事、门禁与被羡慕的行动空间/背景图/第三轮_背景.png,27_图23_清代城市宅院：外勤差事、门禁与被羡慕的行动空间/第三轮_室外大场景/第3轮_背景_01.png,3351609,4c9f8b9e6bc7736ed34fb0df5011df6391e04d0f55e51bd94389f97973bd459e
27,27_图23_清代城市宅院：外勤差事、门禁与被羡慕的行动空间,27_图23_清代城市宅院：外勤差事、门禁与被羡慕的行动空间/背景图/第四轮_背景.png,27_图23_清代城市宅院：外勤差事、门禁与被羡慕的行动空间/第四轮_大型建筑外观/第4轮_背景_01.png,3147163,ce565bf0343ee736e82b81c66cb32b4ab799c5f20c6f21a89d0e971e18aa4325
28,28_图24_革命时期的市民登记：军功、姓氏与有限资格,28_图24_革命时期的市民登记：军功、姓氏与有限资格/背景图/第三轮_背景.png,28_图24_革命时期的市民登记：军功、姓氏与有限资格/第三轮_室外大场景/第3轮_背景_01.png,3171278,ed8028f1736e4054d766e087a40ec8effcb00cf7156a5c5f1d232be3d32ae10a
28,28_图24_革命时期的市民登记：军功、姓氏与有限资格,28_图24_革命时期的市民登记：军功、姓氏与有限资格/背景图/第四轮_背景.png,28_图24_革命时期的市民登记：军功、姓氏与有限资格/第四轮_大型建筑外观/第4轮_背景_01.png,2676316,9724b37a52d74b9186eec03096c67464b6761d4791b422de00e782c398b6162e
29,29_图25_一八四八年的印刷工场：校字、油墨与街头政治,29_图25_一八四八年的印刷工场：校字、油墨与街头政治/背景图/第三轮_背景.png,29_图25_一八四八年的印刷工场：校字、油墨与街头政治/第三轮_室外大场景/第3轮_背景_01.png,3019358,133b61e2eeb7f25010a4948723bc16a920ceb698993437b9ab0408004d35854c
29,29_图25_一八四八年的印刷工场：校字、油墨与街头政治,29_图25_一八四八年的印刷工场：校字、油墨与街头政治/背景图/第四轮_背景.png,29_图25_一八四八年的印刷工场：校字、油墨与街头政治/第四轮_大型建筑外观/第4轮_背景_01.png,2868188,93e26b3c5639607255c135a969d5dd3210610ab6a0e1e93d6de556f505ab97af
30,30_图26_工业工厂：机器危险、固定工时与劳工争执,30_图26_工业工厂：机器危险、固定工时与劳工争执/背景图/第三轮_背景.png,30_图26_工业工厂：机器危险、固定工时与劳工争执/第三轮_室外大场景/第3轮_背景_01.png,3064109,36d29eaee713077c5d36110f2632b80a4d76f79d415449cb0781368a97f05400
30,30_图26_工业工厂：机器危险、固定工时与劳工争执,30_图26_工业工厂：机器危险、固定工时与劳工争执/背景图/第四轮_背景.png,30_图26_工业工厂：机器危险、固定工时与劳工争执/第四轮_大型建筑外观/第4轮_背景_01.png,2531584,e6fa8f08e932e38ce3f1614112a459ff6f501f7287f5c6cddb85eada61cc3584
31,31_图27_工业战争的混编阵地：警报、指挥与救护,31_图27_工业战争的混编阵地：警报、指挥与救护/背景图/第三轮_背景.png,31_图27_工业战争的混编阵地：警报、指挥与救护/第三轮_室外大场景/第3轮_背景_01.png,3108100,fb057c8547c45e1789e823b3eb024733b68c8c74bf8c3343f07e97cf7dfd0194
31,31_图27_工业战争的混编阵地：警报、指挥与救护,31_图27_工业战争的混编阵地：警报、指挥与救护/背景图/第四轮_背景.png,31_图27_工业战争的混编阵地：警报、指挥与救护/第四轮_大型建筑外观/第4轮_背景_01.png,2855049,446288114c6e51fc0829fa7b2cd7ba6a1af4e66d7d76d1a34efd55084f4e4285
32,32_图28_近代技术学堂：分段教学、实作与共同受益,32_图28_近代技术学堂：分段教学、实作与共同受益/背景图/第三轮_背景.png,32_图28_近代技术学堂：分段教学、实作与共同受益/第三轮_室外大场景/第3轮_背景_01.png,3152849,a5b56bbf9debd750e532bc400045c095819009c06ad0098d565c0fbab94f9551
32,32_图28_近代技术学堂：分段教学、实作与共同受益,32_图28_近代技术学堂：分段教学、实作与共同受益/背景图/第四轮_背景.png,32_图28_近代技术学堂：分段教学、实作与共同受益/第四轮_大型建筑外观/第4轮_背景_01.png,3082113,630bd8aae29c4e1050b2d8508443ee752b5c9de0d663cf5811b977cecfbf8145
33,33_图29_工业铁路城市：站台警报、电报与现场救护,33_图29_工业铁路城市：站台警报、电报与现场救护/背景图/第三轮_背景.png,33_图29_工业铁路城市：站台警报、电报与现场救护/第三轮_室外大场景/第3轮_背景_01.png,3013254,533eb13517738ecfa74053571b8ca1418bc1e7b80119379fb9cb9394ab79d129
33,33_图29_工业铁路城市：站台警报、电报与现场救护,33_图29_工业铁路城市：站台警报、电报与现场救护/背景图/第四轮_背景.png,33_图29_工业铁路城市：站台警报、电报与现场救护/第四轮_大型建筑外观/第4轮_背景_01.png,2540919,c3fb91d618e8c9037b951184aaaec628910de57c6775c109ea390506e5bbc346
34,34_图30_十九世纪都市医院：独立血液链与综合医疗,34_图30_十九世纪都市医院：独立血液链与综合医疗/背景图/第三轮_背景.png,34_图30_十九世纪都市医院：独立血液链与综合医疗/第三轮_室外大场景/第3轮_背景_01.png,2892239,307062ff52186dccfaeb13e7ea39edc5ba4fc13c6104873982d4ba7e86f9e3c3
34,34_图30_十九世纪都市医院：独立血液链与综合医疗,34_图30_十九世纪都市医院：独立血液链与综合医疗/背景图/第四轮_背景.png,34_图30_十九世纪都市医院：独立血液链与综合医疗/第四轮_大型建筑外观/第4轮_背景_01.png,2731658,aa7ab2513e6ba777dd287dfe91eb1353b80eb585d93e21e85ba3a58985dbaff4
35,35_图31_世纪末百货：适体服装、身体边界与商业模仿,35_图31_世纪末百货：适体服装、身体边界与商业模仿/背景图/第三轮_背景.png,35_图31_世纪末百货：适体服装、身体边界与商业模仿/第三轮_室外大场景/第3轮_背景_01.png,2968473,a9d9fab9326828247535d79c6ee8dd7cd7095f4757de6a417ef13eee82c4a3f3
35,35_图31_世纪末百货：适体服装、身体边界与商业模仿,35_图31_世纪末百货：适体服装、身体边界与商业模仿/背景图/第四轮_背景.png,35_图31_世纪末百货：适体服装、身体边界与商业模仿/第四轮_大型建筑外观/第4轮_背景_01.png,3152689,c2c18a5d27f27eadb74e7487b9118a1e125539f91eff476187f9c5046716bdad
36,36_图32_明治日本的迟来引入：港口登记、测量与争辩,36_图32_明治日本的迟来引入：港口登记、测量与争辩/背景图/第三轮_背景.png,36_图32_明治日本的迟来引入：港口登记、测量与争辩/第三轮_室外大场景/第3轮_背景_01.png,3300525,3d8bbe1ee0cb3ac2508e4c7092f0d9d3be2310c227173c8eba547b166e543ad4
36,36_图32_明治日本的迟来引入：港口登记、测量与争辩,36_图32_明治日本的迟来引入：港口登记、测量与争辩/背景图/第四轮_背景.png,36_图32_明治日本的迟来引入：港口登记、测量与争辩/第四轮_大型建筑外观/第4轮_背景_01.png,2650152,e0ce9ad4b360241b8987930023e5f628ce9f4b39330d38ad651d16443a16a65f
37,37_图33_一九〇〇年北京危机：同类识别、国家军职与侵略伦理,37_图33_一九〇〇年北京危机：同类识别、国家军职与侵略伦理/背景图/第三轮_背景.png,37_图33_一九〇〇年北京危机：同类识别、国家军职与侵略伦理/第三轮_室外大场景/第3轮_背景_01.png,2912778,5cb8efe6f65c960bed1f11159a9296f75422a7efe58f5010994a6d8bbfecbe7c
37,37_图33_一九〇〇年北京危机：同类识别、国家军职与侵略伦理,37_图33_一九〇〇年北京危机：同类识别、国家军职与侵略伦理/背景图/第四轮_背景.png,37_图33_一九〇〇年北京危机：同类识别、国家军职与侵略伦理/第四轮_大型建筑外观/第4轮_背景_01.png,2376189,7e0bdb469952b4040daa3b52d057f608d4863e1712f4ad101ddd7a59c949c28d
38,38_图34_一九〇〇年巴黎万国大展会：观看与反观看,38_图34_一九〇〇年巴黎万国大展会：观看与反观看/背景图/第三轮_背景.png,38_图34_一九〇〇年巴黎万国大展会：观看与反观看/第三轮_室外大场景/第3轮_背景_01.png,3031866,c6a03a524727a2013147e97062500ab8fd4eb4e63653fff95dddf23b1a253e1e
38,38_图34_一九〇〇年巴黎万国大展会：观看与反观看,38_图34_一九〇〇年巴黎万国大展会：观看与反观看/背景图/第四轮_背景.png,38_图34_一九〇〇年巴黎万国大展会：观看与反观看/第四轮_大型建筑外观/第4轮_背景_01.png,3265271,ff0a92784e4ecdd27a5eee0b13f9d73816110d441168a680e4ae58d1086da93b
39,39_图35_混合家庭的城市住宅：分别登记与多尺度生活,39_图35_混合家庭的城市住宅：分别登记与多尺度生活/背景图/第三轮_背景.png,39_图35_混合家庭的城市住宅：分别登记与多尺度生活/第三轮_室外大场景/第3轮_背景_01.png,3165650,d713f16d30b630f246fe01b1fa46f21ef589ed216d04d392d9d63dc9af6e390b
39,39_图35_混合家庭的城市住宅：分别登记与多尺度生活,39_图35_混合家庭的城市住宅：分别登记与多尺度生活/背景图/第四轮_背景.png,39_图35_混合家庭的城市住宅：分别登记与多尺度生活/第四轮_大型建筑外观/第4轮_背景_01.png,2716084,d622ba4e43c1c2cf8466d0b1f1f1bca3a8e7699da97f5ca569c625318bb65093
40,40_图36_拜占庭君士坦丁堡港口：货封、呼船与海关怀疑,40_图36_拜占庭君士坦丁堡港口：货封、呼船与海关怀疑/背景图/第三轮_背景.png,40_图36_拜占庭君士坦丁堡港口：货封、呼船与海关怀疑/第三轮_室外大场景/第3轮_背景_01.png,3005436,19ca822de4b93aa5abc3d29f96373a85ea1842ff8d1b6780becee2684c6f0d31
40,40_图36_拜占庭君士坦丁堡港口：货封、呼船与海关怀疑,40_图36_拜占庭君士坦丁堡港口：货封、呼船与海关怀疑/背景图/第四轮_背景.png,40_图36_拜占庭君士坦丁堡港口：货封、呼船与海关怀疑/第四轮_大型建筑外观/第4轮_背景_01.png,2677416,7cbf59d5e238613eff26bd28fdc387bf348e56e835c95d24848a4ae93565bc98
41,41_图37_奥斯曼改革时期的港务站：登记、军医与适体制服,41_图37_奥斯曼改革时期的港务站：登记、军医与适体制服/背景图/第三轮_背景.png,41_图37_奥斯曼改革时期的港务站：登记、军医与适体制服/第三轮_室外大场景/第3轮_背景_01.png,2963522,a50338007fdbde6dcca259d2a8e6c3c15e0c1c8d9e76e2af262092c99897c475
41,41_图37_奥斯曼改革时期的港务站：登记、军医与适体制服,41_图37_奥斯曼改革时期的港务站：登记、军医与适体制服/背景图/第四轮_背景.png,41_图37_奥斯曼改革时期的港务站：登记、军医与适体制服/第四轮_大型建筑外观/第4轮_背景_01.png,2984361,9999d7504ee27defece28046c987629368ac3450d6ddda104f6f7130e0547963
